"who","color","heading","xcor","ycor","shape","label","label-color","breed","hidden?","size","pen-size","pen-mode","effort","income","cy","num-workers","final-demands","utility-exponents","industry","production-inputs","product","ql","output","xe","z","x1","x2","x3","x4","x5","x6","x7","x8","x9","x10","x11","x12","c","ef","base-color","cq","ce","du","input-quantities","nature-quantities","labor-quantities","input-exponents","nature-exponents","labor-exponents","k","s","a","debug-a","debug-k","debug-c","debug-o","debug-s","debug-cdx-1","debug-cdx-2","debug-cdx-3","debug-price-1","debug-price-2","debug-price-3"
"0","45","29","-16","12.950838032319478","""house""","""""","9.9","{breed ccs}","false","1.5","1","""up""","1","5000","12.950838032319478","10","[0 0 0 0 0]","[0.1405350051197347 0.24012723273335457 0.13060457354838528 0.15357560280503046]",,,,,,,,,,,,,,,,,,,,,,,,,,,,,,,,,,,,,,,,,,,,,
"1","45","124","-15.673267326732674","14.32327177538915","""house""","""""","9.9","{breed ccs}","false","1.5","1","""up""","1","5000","14.32327177538915","10","[0 0 0 0 0]","[0.15791209661311933 0.13324513608219407 0.21688324496659753 0.221522254379115]",,,,,,,,,,,,,,,,,,,,,,,,,,,,,,,,,,,,,,,,,,,,,
"2","45","36","-15.346534653465346","10.70516423640062","""house""","""""","9.9","{breed ccs}","false","1.5","1","""up""","1","5000","10.70516423640062","10","[0 0 0 0 0]","[0.14524223701543365 0.24362212674933253 0.13243113445464727 0.2358124366716824]",,,,,,,,,,,,,,,,,,,,,,,,,,,,,,,,,,,,,,,,,,,,,
"3","45","290","-15.01980198019802","8.215899615276115","""house""","""""","9.9","{breed ccs}","false","1.5","1","""up""","1","5000","8.215899615276115","10","[0 0 0 0 0]","[0.23250349292292788 0.19235388232722592 0.19410274730560914 0.23025386087283276]",,,,,,,,,,,,,,,,,,,,,,,,,,,,,,,,,,,,,,,,,,,,,
"4","45","216","-14.693069306930694","13.30594365424216","""house""","""""","9.9","{breed ccs}","false","1.5","1","""up""","1","5000","13.30594365424216","10","[0 0 0 0 0]","[0.2045363263566221 0.22160630371034923 0.21321026623179407 0.15477636453289]",,,,,,,,,,,,,,,,,,,,,,,,,,,,,,,,,,,,,,,,,,,,,
"5","45","64","-14.366336633663366","12.316888711508327","""house""","""""","9.9","{breed ccs}","false","1.5","1","""up""","1","5000","12.316888711508327","10","[0 0 0 0 0]","[0.15504445299370542 0.1967773856193765 0.16862345002433918 0.1321205501919057]",,,,,,,,,,,,,,,,,,,,,,,,,,,,,,,,,,,,,,,,,,,,,
"6","45","251","-14.03960396039604","11.192135587388549","""house""","""""","9.9","{breed ccs}","false","1.5","1","""up""","1","5000","11.192135587388549","10","[0 0 0 0 0]","[0.23343968200824994 0.22327027912546007 0.15683784517232988 0.1352818638174163]",,,,,,,,,,,,,,,,,,,,,,,,,,,,,,,,,,,,,,,,,,,,,
"7","45","270","-13.712871287128714","13.982284184327778","""house""","""""","9.9","{breed ccs}","false","1.5","1","""up""","1","5000","13.982284184327778","10","[0 0 0 0 0]","[0.23585524141512168 0.18940208235798006 0.1583859444649024 0.2350429345449601]",,,,,,,,,,,,,,,,,,,,,,,,,,,,,,,,,,,,,,,,,,,,,
"8","45","340","-13.386138613861386","11.75153068543779","""house""","""""","9.9","{breed ccs}","false","1.5","1","""up""","1","5000","11.75153068543779","10","[0 0 0 0 0]","[0.18621245048839047 0.23617184499764923 0.23431378257794747 0.23097374711986163]",,,,,,,,,,,,,,,,,,,,,,,,,,,,,,,,,,,,,,,,,,,,,
"9","45","98","-13.05940594059406","14.778150281910897","""house""","""""","9.9","{breed ccs}","false","1.5","1","""up""","1","5000","14.778150281910897","10","[0 0 0 0 0]","[0.1459979116082381 0.24659844937881847 0.2209343578589923 0.2280297301076883]",,,,,,,,,,,,,,,,,,,,,,,,,,,,,,,,,,,,,,,,,,,,,
"10","45","106","-12.732673267326732","10.014895583722517","""house""","""""","9.9","{breed ccs}","false","1.5","1","""up""","1","5000","10.014895583722517","10","[0 0 0 0 0]","[0.2460015809964497 0.16994503867124847 0.19425401937506975 0.1764193027741096]",,,,,,,,,,,,,,,,,,,,,,,,,,,,,,,,,,,,,,,,,,,,,
"11","45","242","-12.405940594059405","13.091363076859107","""house""","""""","9.9","{breed ccs}","false","1.5","1","""up""","1","5000","13.091363076859107","10","[0 0 0 0 0]","[0.20150389717544764 0.131738659024002 0.17752420911511596 0.20988360494266317]",,,,,,,,,,,,,,,,,,,,,,,,,,,,,,,,,,,,,,,,,,,,,
"12","45","198","-12.07920792079208","12.621589021117792","""house""","""""","9.9","{breed ccs}","false","1.5","1","""up""","1","5000","12.621589021117792","10","[0 0 0 0 0]","[0.23870461964207046 0.15967568276220703 0.22722104904057433 0.2070394821958545]",,,,,,,,,,,,,,,,,,,,,,,,,,,,,,,,,,,,,,,,,,,,,
"13","45","166","-11.752475247524753","12.794023130528158","""house""","""""","9.9","{breed ccs}","false","1.5","1","""up""","1","5000","12.794023130528158","10","[0 0 0 0 0]","[0.18298222286666307 0.14060281801900126 0.1640626713970135 0.1880648968549705]",,,,,,,,,,,,,,,,,,,,,,,,,,,,,,,,,,,,,,,,,,,,,
"14","45","47","-11.425742574257425","14.949283053480825","""house""","""""","9.9","{breed ccs}","false","1.5","1","""up""","1","5000","14.949283053480825","10","[0 0 0 0 0]","[0.20671121920249302 0.12967849173702556 0.21488617103269986 0.2110145110829999]",,,,,,,,,,,,,,,,,,,,,,,,,,,,,,,,,,,,,,,,,,,,,
"15","45","298","-11.099009900990099","11.374145721709766","""house""","""""","9.9","{breed ccs}","false","1.5","1","""up""","1","5000","11.374145721709766","10","[0 0 0 0 0]","[0.16193528481745684 0.2164508092405883 0.24316355413946805 0.17819517464456364]",,,,,,,,,,,,,,,,,,,,,,,,,,,,,,,,,,,,,,,,,,,,,
"16","45","331","-10.772277227722771","13.598969495439857","""house""","""""","9.9","{breed ccs}","false","1.5","1","""up""","1","5000","13.598969495439857","10","[0 0 0 0 0]","[0.24002581395377454 0.15348753543162158 0.13593527564164787 0.15341371736751885]",,,,,,,,,,,,,,,,,,,,,,,,,,,,,,,,,,,,,,,,,,,,,
"17","45","16","-10.445544554455445","14.90959666297893","""house""","""""","9.9","{breed ccs}","false","1.5","1","""up""","1","5000","14.90959666297893","10","[0 0 0 0 0]","[0.21389030803986175 0.21647505138916767 0.2386616505678168 0.175109216149397]",,,,,,,,,,,,,,,,,,,,,,,,,,,,,,,,,,,,,,,,,,,,,
"18","45","183","-10.118811881188119","7.178971662688385","""house""","""""","9.9","{breed ccs}","false","1.5","1","""up""","1","5000","7.178971662688385","10","[0 0 0 0 0]","[0.22618633608217786 0.16809208184755736 0.24251343562190364 0.19775177332811103]",,,,,,,,,,,,,,,,,,,,,,,,,,,,,,,,,,,,,,,,,,,,,
"19","45","235","-9.792079207920793","11.729439613633165","""house""","""""","9.9","{breed ccs}","false","1.5","1","""up""","1","5000","11.729439613633165","10","[0 0 0 0 0]","[0.24923912806962908 0.19325885113179675 0.19080324249170205 0.1419284873793849]",,,,,,,,,,,,,,,,,,,,,,,,,,,,,,,,,,,,,,,,,,,,,
"20","45","164","-9.465346534653465","11.623263761678263","""house""","""""","9.9","{breed ccs}","false","1.5","1","""up""","1","5000","11.623263761678263","10","[0 0 0 0 0]","[0.13203670918360788 0.1660691015667028 0.247551479103055 0.22144967222972178]",,,,,,,,,,,,,,,,,,,,,,,,,,,,,,,,,,,,,,,,,,,,,
"21","45","11","-9.138613861386139","13.761116329537668","""house""","""""","9.9","{breed ccs}","false","1.5","1","""up""","1","5000","13.761116329537668","10","[0 0 0 0 0]","[0.21158471420419017 0.21136776821236009 0.14857960090303804 0.18023803561092827]",,,,,,,,,,,,,,,,,,,,,,,,,,,,,,,,,,,,,,,,,,,,,
"22","45","142","-8.81188118811881","7.290807420286287","""house""","""""","9.9","{breed ccs}","false","1.5","1","""up""","1","5000","7.290807420286287","10","[0 0 0 0 0]","[0.1347983621125941 0.1272915800661205 0.13334062431745192 0.18232297631636443]",,,,,,,,,,,,,,,,,,,,,,,,,,,,,,,,,,,,,,,,,,,,,
"23","45","124","-8.485148514851485","13.459612218818602","""house""","""""","9.9","{breed ccs}","false","1.5","1","""up""","1","5000","13.459612218818602","10","[0 0 0 0 0]","[0.1968389384772308 0.20350952511223036 0.16069703493245696 0.19835416730029415]",,,,,,,,,,,,,,,,,,,,,,,,,,,,,,,,,,,,,,,,,,,,,
"24","45","272","-8.158415841584159","12.210678185891595","""house""","""""","9.9","{breed ccs}","false","1.5","1","""up""","1","5000","12.210678185891595","10","[0 0 0 0 0]","[0.1460107904518066 0.21071919837524306 0.20022554493943892 0.20687014369538895]",,,,,,,,,,,,,,,,,,,,,,,,,,,,,,,,,,,,,,,,,,,,,
"25","45","352","-7.831683168316831","10.13590755360919","""house""","""""","9.9","{breed ccs}","false","1.5","1","""up""","1","5000","10.13590755360919","10","[0 0 0 0 0]","[0.24516465855225078 0.16677315163429635 0.18401042777336435 0.13817390675109545]",,,,,,,,,,,,,,,,,,,,,,,,,,,,,,,,,,,,,,,,,,,,,
"26","45","300","-7.5049504950495045","7.191866728440125","""house""","""""","9.9","{breed ccs}","false","1.5","1","""up""","1","5000","7.191866728440125","10","[0 0 0 0 0]","[0.1715109608090463 0.13535693142829971 0.18821577777540688 0.21180085666752227]",,,,,,,,,,,,,,,,,,,,,,,,,,,,,,,,,,,,,,,,,,,,,
"27","45","201","-7.178217821782178","6.672515075278648","""house""","""""","9.9","{breed ccs}","false","1.5","1","""up""","1","5000","6.672515075278648","10","[0 0 0 0 0]","[0.129558713650484 0.2236749803611212 0.23756606851607454 0.12558291353784687]",,,,,,,,,,,,,,,,,,,,,,,,,,,,,,,,,,,,,,,,,,,,,
"28","45","157","-6.8514851485148505","11.6422974361753","""house""","""""","9.9","{breed ccs}","false","1.5","1","""up""","1","5000","11.6422974361753","10","[0 0 0 0 0]","[0.2138869149490764 0.14918257121997275 0.13355388203958635 0.23495699907734027]",,,,,,,,,,,,,,,,,,,,,,,,,,,,,,,,,,,,,,,,,,,,,
"29","45","204","-6.524752475247524","12.03709908137315","""house""","""""","9.9","{breed ccs}","false","1.5","1","""up""","1","5000","12.03709908137315","10","[0 0 0 0 0]","[0.18135924145545101 0.17276284329633718 0.17635141876185076 0.1751849474975245]",,,,,,,,,,,,,,,,,,,,,,,,,,,,,,,,,,,,,,,,,,,,,
"30","45","219","-6.198019801980198","8.23830178776748","""house""","""""","9.9","{breed ccs}","false","1.5","1","""up""","1","5000","8.23830178776748","10","[0 0 0 0 0]","[0.23297522462018727 0.1544085422398312 0.22688750657785164 0.19298715364934915]",,,,,,,,,,,,,,,,,,,,,,,,,,,,,,,,,,,,,,,,,,,,,
"31","45","259","-5.87128712871287","6.464771121396467","""house""","""""","9.9","{breed ccs}","false","1.5","1","""up""","1","5000","6.464771121396467","10","[0 0 0 0 0]","[0.14233932736748844 0.2223298000525981 0.14725666898250606 0.19792981738357962]",,,,,,,,,,,,,,,,,,,,,,,,,,,,,,,,,,,,,,,,,,,,,
"32","45","136","-5.544554455445544","10.112777960364115","""house""","""""","9.9","{breed ccs}","false","1.5","1","""up""","1","5000","10.112777960364115","10","[0 0 0 0 0]","[0.13211617968949135 0.1885645305100972 0.15149502032432727 0.2248255299457746]",,,,,,,,,,,,,,,,,,,,,,,,,,,,,,,,,,,,,,,,,,,,,
"33","45","353","-5.217821782178218","13.371802646967886","""house""","""""","9.9","{breed ccs}","false","1.5","1","""up""","1","5000","13.371802646967886","10","[0 0 0 0 0]","[0.16382340580519808 0.24780218115384506 0.15832983851369692 0.19170666765726402]",,,,,,,,,,,,,,,,,,,,,,,,,,,,,,,,,,,,,,,,,,,,,
"34","45","44","-4.89108910891089","13.20569407355547","""house""","""""","9.9","{breed ccs}","false","1.5","1","""up""","1","5000","13.20569407355547","10","[0 0 0 0 0]","[0.15412178396692797 0.2258881490918772 0.17348258090561222 0.23294273158884227]",,,,,,,,,,,,,,,,,,,,,,,,,,,,,,,,,,,,,,,,,,,,,
"35","45","221","-4.564356435643564","8.64923527397941","""house""","""""","9.9","{breed ccs}","false","1.5","1","""up""","1","5000","8.64923527397941","10","[0 0 0 0 0]","[0.17010184483248825 0.15933064409213743 0.13424612442464706 0.14401714456048953]",,,,,,,,,,,,,,,,,,,,,,,,,,,,,,,,,,,,,,,,,,,,,
"36","45","301","-4.237623762376238","7.758865392929394","""house""","""""","9.9","{breed ccs}","false","1.5","1","""up""","1","5000","7.758865392929394","10","[0 0 0 0 0]","[0.1976698662548026 0.24625249775129943 0.2308535999450005 0.15498096924029336]",,,,,,,,,,,,,,,,,,,,,,,,,,,,,,,,,,,,,,,,,,,,,
"37","45","24","-3.91089108910891","8.227738986945976","""house""","""""","9.9","{breed ccs}","false","1.5","1","""up""","1","5000","8.227738986945976","10","[0 0 0 0 0]","[0.126346473014052 0.15586506155751795 0.15623370798230682 0.20197042035646603]",,,,,,,,,,,,,,,,,,,,,,,,,,,,,,,,,,,,,,,,,,,,,
"38","45","289","-3.584158415841584","7.83922312527301","""house""","""""","9.9","{breed ccs}","false","1.5","1","""up""","1","5000","7.83922312527301","10","[0 0 0 0 0]","[0.24771957998905497 0.2366276516705591 0.21991859938684144 0.20639006992806147]",,,,,,,,,,,,,,,,,,,,,,,,,,,,,,,,,,,,,,,,,,,,,
"39","45","305","-3.2574257425742577","12.339015175568179","""house""","""""","9.9","{breed ccs}","false","1.5","1","""up""","1","5000","12.339015175568179","10","[0 0 0 0 0]","[0.19816990153908493 0.2461955635468077 0.1629848038027033 0.16421942274471613]",,,,,,,,,,,,,,,,,,,,,,,,,,,,,,,,,,,,,,,,,,,,,
"40","45","216","-2.9306930693069297","6.597013561102367","""house""","""""","9.9","{breed ccs}","false","1.5","1","""up""","1","5000","6.597013561102367","10","[0 0 0 0 0]","[0.17126052493738697 0.20371468751553154 0.15127175132822104 0.2190944443684174]",,,,,,,,,,,,,,,,,,,,,,,,,,,,,,,,,,,,,,,,,,,,,
"41","45","292","-2.6039603960396036","10.401065651304336","""house""","""""","9.9","{breed ccs}","false","1.5","1","""up""","1","5000","10.401065651304336","10","[0 0 0 0 0]","[0.15045929065613534 0.13607703306496222 0.1457112047467681 0.18787456629771423]",,,,,,,,,,,,,,,,,,,,,,,,,,,,,,,,,,,,,,,,,,,,,
"42","45","345","-2.2772277227722775","14.39335918020613","""house""","""""","9.9","{breed ccs}","false","1.5","1","""up""","1","5000","14.39335918020613","10","[0 0 0 0 0]","[0.21210227061866133 0.13325002087347732 0.2194328820486507 0.2192345228205776]",,,,,,,,,,,,,,,,,,,,,,,,,,,,,,,,,,,,,,,,,,,,,
"43","45","195","-1.9504950495049496","9.850313663574488","""house""","""""","9.9","{breed ccs}","false","1.5","1","""up""","1","5000","9.850313663574488","10","[0 0 0 0 0]","[0.17854779984141742 0.17023805540039705 0.1441673098529567 0.24214879059149302]",,,,,,,,,,,,,,,,,,,,,,,,,,,,,,,,,,,,,,,,,,,,,
"44","45","124","-1.6237623762376234","9.208173071486293","""house""","""""","9.9","{breed ccs}","false","1.5","1","""up""","1","5000","9.208173071486293","10","[0 0 0 0 0]","[0.13691347614816307 0.1429078750190032 0.2413766172518225 0.19707302660619896]",,,,,,,,,,,,,,,,,,,,,,,,,,,,,,,,,,,,,,,,,,,,,
"45","45","299","-1.2970297029702973","8.173402258792668","""house""","""""","9.9","{breed ccs}","false","1.5","1","""up""","1","5000","8.173402258792668","10","[0 0 0 0 0]","[0.12798551266154706 0.24571584995813717 0.17874598791142332 0.1682860642645575]",,,,,,,,,,,,,,,,,,,,,,,,,,,,,,,,,,,,,,,,,,,,,
"46","45","313","-0.9702970297029694","8.610871687545677","""house""","""""","9.9","{breed ccs}","false","1.5","1","""up""","1","5000","8.610871687545677","10","[0 0 0 0 0]","[0.12616857307906562 0.19709449113250344 0.1639305275298742 0.18965844966254727]",,,,,,,,,,,,,,,,,,,,,,,,,,,,,,,,,,,,,,,,,,,,,
"47","45","351","-0.6435643564356432","7.502564317566073","""house""","""""","9.9","{breed ccs}","false","1.5","1","""up""","1","5000","7.502564317566073","10","[0 0 0 0 0]","[0.12801270289262368 0.1815002019073468 0.22604234315219043 0.17104710712074417]",,,,,,,,,,,,,,,,,,,,,,,,,,,,,,,,,,,,,,,,,,,,,
"48","45","158","-0.3168316831683171","6.443738183434647","""house""","""""","9.9","{breed ccs}","false","1.5","1","""up""","1","5000","6.443738183434647","10","[0 0 0 0 0]","[0.1898577345987241 0.146534793115929 0.1745391600322183 0.1384206619640933]",,,,,,,,,,,,,,,,,,,,,,,,,,,,,,,,,,,,,,,,,,,,,
"49","45","93","0.009900990099009022","10.600273298210155","""house""","""""","9.9","{breed ccs}","false","1.5","1","""up""","1","5000","10.600273298210155","10","[0 0 0 0 0]","[0.19261897582472132 0.24492929082015708 0.2254951116774285 0.1290403838534071]",,,,,,,,,,,,,,,,,,,,,,,,,,,,,,,,,,,,,,,,,,,,,
"50","45","236","0.3366336633663387","10.037467640470766","""house""","""""","9.9","{breed ccs}","false","1.5","1","""up""","1","5000","10.037467640470766","10","[0 0 0 0 0]","[0.2379038877985112 0.23517856300054907 0.22661946853423187 0.2450284522738656]",,,,,,,,,,,,,,,,,,,,,,,,,,,,,,,,,,,,,,,,,,,,,
"51","45","323","0.6633663366336648","14.970780834093315","""house""","""""","9.9","{breed ccs}","false","1.5","1","""up""","1","5000","14.970780834093315","10","[0 0 0 0 0]","[0.2271043890205106 0.19929657719282898 0.24699863289335894 0.23769532286398848]",,,,,,,,,,,,,,,,,,,,,,,,,,,,,,,,,,,,,,,,,,,,,
"52","45","48","0.990099009900991","7.314294672329284","""house""","""""","9.9","{breed ccs}","false","1.5","1","""up""","1","5000","7.314294672329284","10","[0 0 0 0 0]","[0.18859859286052774 0.15195628580699566 0.23955546257874535 0.1827690643536291]",,,,,,,,,,,,,,,,,,,,,,,,,,,,,,,,,,,,,,,,,,,,,
"53","45","205","1.3168316831683171","10.700579139618876","""house""","""""","9.9","{breed ccs}","false","1.5","1","""up""","1","5000","10.700579139618876","10","[0 0 0 0 0]","[0.2379849075249807 0.18439409178689115 0.23087778611576532 0.22984742617657378]",,,,,,,,,,,,,,,,,,,,,,,,,,,,,,,,,,,,,,,,,,,,,
"54","45","327","1.6435643564356432","10.050780762257826","""house""","""""","9.9","{breed ccs}","false","1.5","1","""up""","1","5000","10.050780762257826","10","[0 0 0 0 0]","[0.18475906303326042 0.1842504909006069 0.2253954186876315 0.17529906477686052]",,,,,,,,,,,,,,,,,,,,,,,,,,,,,,,,,,,,,,,,,,,,,
"55","45","267","1.9702970297029694","8.571469607036343","""house""","""""","9.9","{breed ccs}","false","1.5","1","""up""","1","5000","8.571469607036343","10","[0 0 0 0 0]","[0.18628169028096517 0.19988878874780763 0.1269416603312476 0.19918517622797421]",,,,,,,,,,,,,,,,,,,,,,,,,,,,,,,,,,,,,,,,,,,,,
"56","45","259","2.297029702970299","8.42893163722404","""house""","""""","9.9","{breed ccs}","false","1.5","1","""up""","1","5000","8.42893163722404","10","[0 0 0 0 0]","[0.18584283851814684 0.1594807361210378 0.15317380849676782 0.20584423979776428]",,,,,,,,,,,,,,,,,,,,,,,,,,,,,,,,,,,,,,,,,,,,,
"57","45","166","2.623762376237625","9.857569415144212","""house""","""""","9.9","{breed ccs}","false","1.5","1","""up""","1","5000","9.857569415144212","10","[0 0 0 0 0]","[0.13862734626234974 0.20422334418783245 0.22537040410158743 0.21210006151073274]",,,,,,,,,,,,,,,,,,,,,,,,,,,,,,,,,,,,,,,,,,,,,
"58","45","95","2.9504950495049513","10.847645550309146","""house""","""""","9.9","{breed ccs}","false","1.5","1","""up""","1","5000","10.847645550309146","10","[0 0 0 0 0]","[0.12537724390753507 0.24389922390918178 0.23817525411055665 0.22449586821831632]",,,,,,,,,,,,,,,,,,,,,,,,,,,,,,,,,,,,,,,,,,,,,
"59","45","240","3.2772277227722775","11.690729901954697","""house""","""""","9.9","{breed ccs}","false","1.5","1","""up""","1","5000","11.690729901954697","10","[0 0 0 0 0]","[0.16816218342431305 0.22457358522836435 0.1807682786421197 0.22284367689054677]",,,,,,,,,,,,,,,,,,,,,,,,,,,,,,,,,,,,,,,,,,,,,
"60","45","75","3.6039603960396036","6.2544255599719545","""house""","""""","9.9","{breed ccs}","false","1.5","1","""up""","1","5000","6.2544255599719545","10","[0 0 0 0 0]","[0.13349607982898148 0.17198540265866286 0.22160430282323368 0.1758913289804051]",,,,,,,,,,,,,,,,,,,,,,,,,,,,,,,,,,,,,,,,,,,,,
"61","45","248","3.9306930693069297","10.377105985952724","""house""","""""","9.9","{breed ccs}","false","1.5","1","""up""","1","5000","10.377105985952724","10","[0 0 0 0 0]","[0.20079118341686786 0.19610642912850243 0.16467030072924949 0.24857701940338325]",,,,,,,,,,,,,,,,,,,,,,,,,,,,,,,,,,,,,,,,,,,,,
"62","45","14","4.257425742574259","8.999558829624519","""house""","""""","9.9","{breed ccs}","false","1.5","1","""up""","1","5000","8.999558829624519","10","[0 0 0 0 0]","[0.12611408384180522 0.1881829914600282 0.20914341109184897 0.13193241584272816]",,,,,,,,,,,,,,,,,,,,,,,,,,,,,,,,,,,,,,,,,,,,,
"63","45","232","4.584158415841586","13.839699952771507","""house""","""""","9.9","{breed ccs}","false","1.5","1","""up""","1","5000","13.839699952771507","10","[0 0 0 0 0]","[0.16943853372770507 0.17459988784587965 0.23286396547981036 0.24153214657677097]",,,,,,,,,,,,,,,,,,,,,,,,,,,,,,,,,,,,,,,,,,,,,
"64","45","190","4.910891089108912","7.9984421943828465","""house""","""""","9.9","{breed ccs}","false","1.5","1","""up""","1","5000","7.9984421943828465","10","[0 0 0 0 0]","[0.18991897795175017 0.22316200419390497 0.1277913028566685 0.16554530783172744]",,,,,,,,,,,,,,,,,,,,,,,,,,,,,,,,,,,,,,,,,,,,,
"65","45","283","5.237623762376238","7.634515680833935","""house""","""""","9.9","{breed ccs}","false","1.5","1","""up""","1","5000","7.634515680833935","10","[0 0 0 0 0]","[0.2264823370894224 0.23437020568758865 0.2110516571632249 0.19618680176768188]",,,,,,,,,,,,,,,,,,,,,,,,,,,,,,,,,,,,,,,,,,,,,
"66","45","154","5.564356435643564","10.98496150412203","""house""","""""","9.9","{breed ccs}","false","1.5","1","""up""","1","5000","10.98496150412203","10","[0 0 0 0 0]","[0.16306474893137274 0.22935675547410506 0.17941324527915276 0.2404320260523283]",,,,,,,,,,,,,,,,,,,,,,,,,,,,,,,,,,,,,,,,,,,,,
"67","45","169","5.891089108910894","12.570820872001944","""house""","""""","9.9","{breed ccs}","false","1.5","1","""up""","1","5000","12.570820872001944","10","[0 0 0 0 0]","[0.18357854232152565 0.18217561508259583 0.14220784291619704 0.1263610908983271]",,,,,,,,,,,,,,,,,,,,,,,,,,,,,,,,,,,,,,,,,,,,,
"68","45","13","6.21782178217822","11.18803772612587","""house""","""""","9.9","{breed ccs}","false","1.5","1","""up""","1","5000","11.18803772612587","10","[0 0 0 0 0]","[0.15018333346853788 0.21506473808770776 0.23091800419226605 0.1960692764475002]",,,,,,,,,,,,,,,,,,,,,,,,,,,,,,,,,,,,,,,,,,,,,
"69","45","229","6.544554455445546","14.551585068207993","""house""","""""","9.9","{breed ccs}","false","1.5","1","""up""","1","5000","14.551585068207993","10","[0 0 0 0 0]","[0.1945816487139283 0.2394507937282374 0.20519577698102354 0.17375096361061845]",,,,,,,,,,,,,,,,,,,,,,,,,,,,,,,,,,,,,,,,,,,,,
"70","45","78","6.871287128712872","13.98577241951178","""house""","""""","9.9","{breed ccs}","false","1.5","1","""up""","1","5000","13.98577241951178","10","[0 0 0 0 0]","[0.19174179092123206 0.19715993058986436 0.2396872863739723 0.16426831552114912]",,,,,,,,,,,,,,,,,,,,,,,,,,,,,,,,,,,,,,,,,,,,,
"71","45","317","7.198019801980198","7.282665005913591","""house""","""""","9.9","{breed ccs}","false","1.5","1","""up""","1","5000","7.282665005913591","10","[0 0 0 0 0]","[0.17213532465313186 0.12832848575851957 0.1388650460554237 0.20932050358515786]",,,,,,,,,,,,,,,,,,,,,,,,,,,,,,,,,,,,,,,,,,,,,
"72","45","269","7.524752475247524","7.1717524617504225","""house""","""""","9.9","{breed ccs}","false","1.5","1","""up""","1","5000","7.1717524617504225","10","[0 0 0 0 0]","[0.19518236896069213 0.14597885119505613 0.17763434476740825 0.21058598756523783]",,,,,,,,,,,,,,,,,,,,,,,,,,,,,,,,,,,,,,,,,,,,,
"73","45","127","7.851485148514854","6.727053636348046","""house""","""""","9.9","{breed ccs}","false","1.5","1","""up""","1","5000","6.727053636348046","10","[0 0 0 0 0]","[0.16901516455866505 0.12512666148433138 0.20307881003209574 0.15003392626793494]",,,,,,,,,,,,,,,,,,,,,,,,,,,,,,,,,,,,,,,,,,,,,
"74","45","147","8.17821782178218","8.817131681435935","""house""","""""","9.9","{breed ccs}","false","1.5","1","""up""","1","5000","8.817131681435935","10","[0 0 0 0 0]","[0.24924223680865662 0.14572177123322005 0.18286501120535287 0.2044396447462889]",,,,,,,,,,,,,,,,,,,,,,,,,,,,,,,,,,,,,,,,,,,,,
"75","45","134","8.504950495049506","13.687039016083872","""house""","""""","9.9","{breed ccs}","false","1.5","1","""up""","1","5000","13.687039016083872","10","[0 0 0 0 0]","[0.1373429243402895 0.20641304128498722 0.21293962329486757 0.2012801010279065]",,,,,,,,,,,,,,,,,,,,,,,,,,,,,,,,,,,,,,,,,,,,,
"76","45","340","8.831683168316832","8.102602727899747","""house""","""""","9.9","{breed ccs}","false","1.5","1","""up""","1","5000","8.102602727899747","10","[0 0 0 0 0]","[0.13644455482393367 0.19625833252369565 0.17724081792129243 0.17098040509717033]",,,,,,,,,,,,,,,,,,,,,,,,,,,,,,,,,,,,,,,,,,,,,
"77","45","270","9.158415841584159","14.669362758303128","""house""","""""","9.9","{breed ccs}","false","1.5","1","""up""","1","5000","14.669362758303128","10","[0 0 0 0 0]","[0.14674445866528382 0.14079118907175953 0.14188489447009786 0.1882077697901291]",,,,,,,,,,,,,,,,,,,,,,,,,,,,,,,,,,,,,,,,,,,,,
"78","45","288","9.485148514851485","6.278541009875305","""house""","""""","9.9","{breed ccs}","false","1.5","1","""up""","1","5000","6.278541009875305","10","[0 0 0 0 0]","[0.21460983247369816 0.23637736896062939 0.12841090214241824 0.19025640619136064]",,,,,,,,,,,,,,,,,,,,,,,,,,,,,,,,,,,,,,,,,,,,,
"79","45","221","9.811881188118814","9.849635999180125","""house""","""""","9.9","{breed ccs}","false","1.5","1","""up""","1","5000","9.849635999180125","10","[0 0 0 0 0]","[0.2259623005618439 0.16919185786710994 0.1517116554893674 0.22091056304046208]",,,,,,,,,,,,,,,,,,,,,,,,,,,,,,,,,,,,,,,,,,,,,
"80","45","270","10.13861386138614","9.249157194048912","""house""","""""","9.9","{breed ccs}","false","1.5","1","""up""","1","5000","9.249157194048912","10","[0 0 0 0 0]","[0.2448374885224951 0.24836785233551725 0.17339192842494416 0.22952250102982824]",,,,,,,,,,,,,,,,,,,,,,,,,,,,,,,,,,,,,,,,,,,,,
"81","45","235","10.465346534653467","12.063285802538651","""house""","""""","9.9","{breed ccs}","false","1.5","1","""up""","1","5000","12.063285802538651","10","[0 0 0 0 0]","[0.19731244677353876 0.15926497135826523 0.19506624863596878 0.20896622268133433]",,,,,,,,,,,,,,,,,,,,,,,,,,,,,,,,,,,,,,,,,,,,,
"82","45","332","10.792079207920793","14.788328880059803","""house""","""""","9.9","{breed ccs}","false","1.5","1","""up""","1","5000","14.788328880059803","10","[0 0 0 0 0]","[0.1321809044936172 0.14538617659620326 0.14782428595072056 0.192661572618313]",,,,,,,,,,,,,,,,,,,,,,,,,,,,,,,,,,,,,,,,,,,,,
"83","45","190","11.118811881188119","7.801881009284497","""house""","""""","9.9","{breed ccs}","false","1.5","1","""up""","1","5000","7.801881009284497","10","[0 0 0 0 0]","[0.21005500768126942 0.14452710497032356 0.1887951235185294 0.24850808596523072]",,,,,,,,,,,,,,,,,,,,,,,,,,,,,,,,,,,,,,,,,,,,,
"84","45","192","11.445544554455445","14.246749950390175","""house""","""""","9.9","{breed ccs}","false","1.5","1","""up""","1","5000","14.246749950390175","10","[0 0 0 0 0]","[0.23870444012262915 0.15713978599511627 0.13886141300355703 0.14912034101836044]",,,,,,,,,,,,,,,,,,,,,,,,,,,,,,,,,,,,,,,,,,,,,
"85","45","152","11.772277227722775","10.658345854757343","""house""","""""","9.9","{breed ccs}","false","1.5","1","""up""","1","5000","10.658345854757343","10","[0 0 0 0 0]","[0.1270578452430045 0.162350028483007 0.1925899433488299 0.23248544671043955]",,,,,,,,,,,,,,,,,,,,,,,,,,,,,,,,,,,,,,,,,,,,,
"86","45","286","12.0990099009901","10.74352285386729","""house""","""""","9.9","{breed ccs}","false","1.5","1","""up""","1","5000","10.74352285386729","10","[0 0 0 0 0]","[0.23574276214287154 0.16965871950730832 0.23856689364573463 0.2029200149092687]",,,,,,,,,,,,,,,,,,,,,,,,,,,,,,,,,,,,,,,,,,,,,
"87","45","164","12.425742574257427","11.152396660326676","""house""","""""","9.9","{breed ccs}","false","1.5","1","""up""","1","5000","11.152396660326676","10","[0 0 0 0 0]","[0.2166428157021707 0.18987645291501282 0.2213604878994054 0.19610724796919532]",,,,,,,,,,,,,,,,,,,,,,,,,,,,,,,,,,,,,,,,,,,,,
"88","45","121","12.752475247524753","6.967447147334012","""house""","""""","9.9","{breed ccs}","false","1.5","1","""up""","1","5000","6.967447147334012","10","[0 0 0 0 0]","[0.1532136678999829 0.2141236216500391 0.19496462243483173 0.12656949670942427]",,,,,,,,,,,,,,,,,,,,,,,,,,,,,,,,,,,,,,,,,,,,,
"89","45","177","13.07920792079208","12.441371371001363","""house""","""""","9.9","{breed ccs}","false","1.5","1","""up""","1","5000","12.441371371001363","10","[0 0 0 0 0]","[0.13472235790962367 0.2019130293049508 0.22972548310178498 0.21200067532399575]",,,,,,,,,,,,,,,,,,,,,,,,,,,,,,,,,,,,,,,,,,,,,
"90","45","142","13.405940594059405","7.799685012116027","""house""","""""","9.9","{breed ccs}","false","1.5","1","""up""","1","5000","7.799685012116027","10","[0 0 0 0 0]","[0.1345211526465248 0.23655798168881642 0.21512141922618716 0.18096090386457045]",,,,,,,,,,,,,,,,,,,,,,,,,,,,,,,,,,,,,,,,,,,,,
"91","45","177","13.732673267326735","7.488655096109936","""house""","""""","9.9","{breed ccs}","false","1.5","1","""up""","1","5000","7.488655096109936","10","[0 0 0 0 0]","[0.21088228563582817 0.17835135429047436 0.21606967526819248 0.21954192397932767]",,,,,,,,,,,,,,,,,,,,,,,,,,,,,,,,,,,,,,,,,,,,,
"92","45","315","14.059405940594061","8.42100945658885","""house""","""""","9.9","{breed ccs}","false","1.5","1","""up""","1","5000","8.42100945658885","10","[0 0 0 0 0]","[0.22896157333794406 0.19391561857857342 0.1337601862332607 0.18405937987777543]",,,,,,,,,,,,,,,,,,,,,,,,,,,,,,,,,,,,,,,,,,,,,
"93","45","84","14.386138613861387","9.84030908480283","""house""","""""","9.9","{breed ccs}","false","1.5","1","""up""","1","5000","9.84030908480283","10","[0 0 0 0 0]","[0.16791828017656935 0.2247048505245824 0.23499978694109655 0.23798024427535386]",,,,,,,,,,,,,,,,,,,,,,,,,,,,,,,,,,,,,,,,,,,,,
"94","45","315","14.712871287128714","6.113433968647149","""house""","""""","9.9","{breed ccs}","false","1.5","1","""up""","1","5000","6.113433968647149","10","[0 0 0 0 0]","[0.20905873123172133 0.21085102810265585 0.181155844736424 0.23934858503678097]",,,,,,,,,,,,,,,,,,,,,,,,,,,,,,,,,,,,,,,,,,,,,
"95","45","169","15.03960396039604","9.042210422534783","""house""","""""","9.9","{breed ccs}","false","1.5","1","""up""","1","5000","9.042210422534783","10","[0 0 0 0 0]","[0.22387252158535942 0.2186402961467393 0.18322880639712674 0.13529076110586719]",,,,,,,,,,,,,,,,,,,,,,,,,,,,,,,,,,,,,,,,,,,,,
"96","45","155","15.366336633663366","7.360404365850878","""house""","""""","9.9","{breed ccs}","false","1.5","1","""up""","1","5000","7.360404365850878","10","[0 0 0 0 0]","[0.23205913343856888 0.1377509560689077 0.24414012546902802 0.14585172605725077]",,,,,,,,,,,,,,,,,,,,,,,,,,,,,,,,,,,,,,,,,,,,,
"97","45","147","15.693069306930695","11.55016564497246","""house""","""""","9.9","{breed ccs}","false","1.5","1","""up""","1","5000","11.55016564497246","10","[0 0 0 0 0]","[0.15420826770220658 0.1377459073262608 0.18948212785715893 0.18464262265246217]",,,,,,,,,,,,,,,,,,,,,,,,,,,,,,,,,,,,,,,,,,,,,
"98","45","194","16.019801980198018","13.269291222798206","""house""","""""","9.9","{breed ccs}","false","1.5","1","""up""","1","5000","13.269291222798206","10","[0 0 0 0 0]","[0.13808357619574002 0.1669389118614007 0.19554555384516636 0.20282357306993415]",,,,,,,,,,,,,,,,,,,,,,,,,,,,,,,,,,,,,,,,,,,,,
"99","45","333","16.346534653465348","9.880635765106907","""house""","""""","9.9","{breed ccs}","false","1.5","1","""up""","1","5000","9.880635765106907","10","[0 0 0 0 0]","[0.1755252377063229 0.14334393540177356 0.2161648652405761 0.1485931334038525]",,,,,,,,,,,,,,,,,,,,,,,,,,,,,,,,,,,,,,,,,,,,,
"100","65","159","11","4","""factory""","""""","9.9","{breed wcs}","false","1","1","""up""","0.5",,,,,,"0","[[3] [1] [1]]","1","0","0","0.05","0","0","0","0","0","0","0","0","0","0","0","0","0","0.05","0","65","10","1","2","0","0","[0]","[0.3890958281110604]","[0.2266003079961335]","[0.21511595104798242]","2","1","10","0","0","0","0","0","0","0","0","0","0","0"
"101","65","281","-4","4","""factory""","""""","9.9","{breed wcs}","false","1","1","""up""","0.5",,,,,,"0","[[1 2 3] [1] [1]]","1","0","0","0.05","0","0","0","0","0","0","0","0","0","0","0","0","0","0.05","0","65","10","1","2","0","0","[0]","[0.07540314861302111 0.10098780164832724 0.10718250832816038]","[0.17057223193493595]","[0.24925680571914088]","2","1","10","0","0","0","0","0","0","0","0","0","0","0"
"102","65","248","-9","4","""factory""","""""","9.9","{breed wcs}","false","1","1","""up""","0.5",,,,,,"0","[[1 2 4] [1] [1]]","1","0","0","0.05","0","0","0","0","0","0","0","0","0","0","0","0","0","0.05","0","65","10","1","2","0","0","[0]","[0.12529046776824268 0.07667892112011312 0.123917442552194]","[0.2299128210250087]","[0.21115401088103783]","2","1","10","0","0","0","0","0","0","0","0","0","0","0"
"103","65","207","-3","4","""factory""","""""","9.9","{breed wcs}","false","1","1","""up""","0.5",,,,,,"0","[[1 2 3 4] [1] [1]]","1","0","0","0.05","0","0","0","0","0","0","0","0","0","0","0","0","0","0.05","0","65","10","1","2","0","0","[0]","[0.07939357528910923 0.06320688239128516 0.0652644149388346 0.06858272916728367]","[0.17444479925901155]","[0.20845472658691622]","2","1","10","0","0","0","0","0","0","0","0","0","0","0"
"104","65","61","10","4","""factory""","""""","9.9","{breed wcs}","false","1","1","""up""","0.5",,,,,,"0","[[1 3 4] [1] [1]]","1","0","0","0.05","0","0","0","0","0","0","0","0","0","0","0","0","0","0.05","0","65","10","1","2","0","0","[0]","[0.10782393102616117 0.12475767081385757 0.12547226152360788]","[0.19296746682087804]","[0.17737364270717138]","2","1","10","0","0","0","0","0","0","0","0","0","0","0"
"105","65","175","13","4","""factory""","""""","9.9","{breed wcs}","false","1","1","""up""","0.5",,,,,,"0","[[1] [1] [1]]","1","0","0","0.05","0","0","0","0","0","0","0","0","0","0","0","0","0","0.05","0","65","10","1","2","0","0","[0]","[0.27319666825484445]","[0.21043068404806736]","[0.2458802510045211]","2","1","10","0","0","0","0","0","0","0","0","0","0","0"
"106","65","178","-1","4","""factory""","""""","9.9","{breed wcs}","false","1","1","""up""","0.5",,,,,,"0","[[1 2 3 4] [1] [1]]","1","0","0","0.05","0","0","0","0","0","0","0","0","0","0","0","0","0","0.05","0","65","10","1","2","0","0","[0]","[0.05189312957229979 0.052879175017032286 0.05028986998329723 0.06563405794471597]","[0.15556984157476578]","[0.17938624790950042]","2","1","10","0","0","0","0","0","0","0","0","0","0","0"
"107","65","289","13","4","""factory""","""""","9.9","{breed wcs}","false","1","1","""up""","0.5",,,,,,"0","[[1 2 3 4] [1] [1]]","1","0","0","0.05","0","0","0","0","0","0","0","0","0","0","0","0","0","0.05","0","65","10","1","2","0","0","[0]","[0.09911244769605929 0.09712724717626894 0.06696153320170134 0.08465435367935209]","[0.21621619812017778]","[0.2327977616516954]","2","1","10","0","0","0","0","0","0","0","0","0","0","0"
"108","65","214","9","4","""factory""","""""","9.9","{breed wcs}","false","1","1","""up""","0.5",,,,,,"0","[[2 3 4] [1] [1]]","1","0","0","0.05","0","0","0","0","0","0","0","0","0","0","0","0","0","0.05","0","65","10","1","2","0","0","[0]","[0.11868163885268548 0.10309697252424156 0.12109615965965462]","[0.19837269538781324]","[0.20899513049184718]","2","1","10","0","0","0","0","0","0","0","0","0","0","0"
"109","65","189","8","4","""factory""","""""","9.9","{breed wcs}","false","1","1","""up""","0.5",,,,,,"0","[[1 2 3 4] [1] [1]]","1","0","0","0.05","0","0","0","0","0","0","0","0","0","0","0","0","0","0.05","0","65","10","1","2","0","0","[0]","[0.06728396089778836 0.07978125468749553 0.07994926466899802 0.08078521456448248]","[0.15591772094049]","[0.22503171830322]","2","1","10","0","0","0","0","0","0","0","0","0","0","0"
"110","75","83","10","2","""factory""","""""","9.9","{breed wcs}","false","1","1","""up""","0.5",,,,,,"0","[[1 2] [1] [1]]","2","0","0","0.05","0","0","0","0","0","0","0","0","0","0","0","0","0","0.05","0","75","10","1","2","0","0","[0]","[0.18730943766373953 0.1700289432131638]","[0.1970497669613798]","[0.2327136009634174]","2","1","10","0","0","0","0","0","0","0","0","0","0","0"
"111","75","353","-9","2","""factory""","""""","9.9","{breed wcs}","false","1","1","""up""","0.5",,,,,,"0","[[1 4] [1] [1]]","2","0","0","0.05","0","0","0","0","0","0","0","0","0","0","0","0","0","0.05","0","75","10","1","2","0","0","[0]","[0.10398599325307778 0.11347931182789556]","[0.1693416396285948]","[0.18356638068581083]","2","1","10","0","0","0","0","0","0","0","0","0","0","0"
"112","75","94","11","2","""factory""","""""","9.9","{breed wcs}","false","1","1","""up""","0.5",,,,,,"0","[[1 2 3 4] [1] [1]]","2","0","0","0.05","0","0","0","0","0","0","0","0","0","0","0","0","0","0.05","0","75","10","1","2","0","0","[0]","[0.08227112911890869 0.09276790098948476 0.09655286371520534 0.07190464554878323]","[0.15527131899204297]","[0.20474938143633228]","2","1","10","0","0","0","0","0","0","0","0","0","0","0"
"113","75","251","-6","2","""factory""","""""","9.9","{breed wcs}","false","1","1","""up""","0.5",,,,,,"0","[[1 2 3 4] [1] [1]]","2","0","0","0.05","0","0","0","0","0","0","0","0","0","0","0","0","0","0.05","0","75","10","1","2","0","0","[0]","[0.07136063178539023 0.09705394605246723 0.09837585447317158 0.0516097801370993]","[0.1978580219892075]","[0.15813469104723293]","2","1","10","0","0","0","0","0","0","0","0","0","0","0"
"114","75","275","-8","2","""factory""","""""","9.9","{breed wcs}","false","1","1","""up""","0.5",,,,,,"0","[[3 4] [1] [1]]","2","0","0","0.05","0","0","0","0","0","0","0","0","0","0","0","0","0","0.05","0","75","10","1","2","0","0","[0]","[0.10055108259453181 0.12987068604232674]","[0.22491426232179423]","[0.2363316059496306]","2","1","10","0","0","0","0","0","0","0","0","0","0","0"
"115","75","162","8","2","""factory""","""""","9.9","{breed wcs}","false","1","1","""up""","0.5",,,,,,"0","[[1 4] [1] [1]]","2","0","0","0.05","0","0","0","0","0","0","0","0","0","0","0","0","0","0.05","0","75","10","1","2","0","0","[0]","[0.18610431475627645 0.1072464896073288]","[0.1828781126266516]","[0.2310569751029975]","2","1","10","0","0","0","0","0","0","0","0","0","0","0"
"116","75","285","16","2","""factory""","""""","9.9","{breed wcs}","false","1","1","""up""","0.5",,,,,,"0","[[1 2 4] [1] [1]]","2","0","0","0.05","0","0","0","0","0","0","0","0","0","0","0","0","0","0.05","0","75","10","1","2","0","0","[0]","[0.08346887170871417 0.11952371173099427 0.09552923342188947]","[0.18575111719030096]","[0.1830276936757514]","2","1","10","0","0","0","0","0","0","0","0","0","0","0"
"117","75","83","-8","2","""factory""","""""","9.9","{breed wcs}","false","1","1","""up""","0.5",,,,,,"0","[[2 4] [1] [1]]","2","0","0","0.05","0","0","0","0","0","0","0","0","0","0","0","0","0","0.05","0","75","10","1","2","0","0","[0]","[0.16730410478663418 0.14999323636678977]","[0.22770982349845573]","[0.16436070051726284]","2","1","10","0","0","0","0","0","0","0","0","0","0","0"
"118","75","314","2","2","""factory""","""""","9.9","{breed wcs}","false","1","1","""up""","0.5",,,,,,"0","[[1 2 4] [1] [1]]","2","0","0","0.05","0","0","0","0","0","0","0","0","0","0","0","0","0","0.05","0","75","10","1","2","0","0","[0]","[0.08356260306717556 0.10669926332040923 0.12097461193219776]","[0.1554113664365575]","[0.16305106697516294]","2","1","10","0","0","0","0","0","0","0","0","0","0","0"
"119","75","102","-9","2","""factory""","""""","9.9","{breed wcs}","false","1","1","""up""","0.5",,,,,,"0","[[1 2 3 4] [1] [1]]","2","0","0","0.05","0","0","0","0","0","0","0","0","0","0","0","0","0","0.05","0","75","10","1","2","0","0","[0]","[0.06382115199235819 0.09141449398505873 0.06217690526202792 0.052378478131626834]","[0.16411154568309247]","[0.15821985934316776]","2","1","10","0","0","0","0","0","0","0","0","0","0","0"
"120","85","202","-2","0","""factory""","""""","9.9","{breed wcs}","false","1","1","""up""","0.5",,,,,,"0","[[1 3 4] [1] [1]]","3","0","0","0.05","0","0","0","0","0","0","0","0","0","0","0","0","0","0.05","0","85","10","1","2","0","0","[0]","[0.13276534586558766 0.06983453022459322 0.0733358941841808]","[0.17257258651555185]","[0.18583397354415374]","2","1","10","0","0","0","0","0","0","0","0","0","0","0"
"121","85","293","-7","0","""factory""","""""","9.9","{breed wcs}","false","1","1","""up""","0.5",,,,,,"0","[[1 2] [1] [1]]","3","0","0","0.05","0","0","0","0","0","0","0","0","0","0","0","0","0","0.05","0","85","10","1","2","0","0","[0]","[0.1492361206618531 0.1066698788270622]","[0.20969934124595307]","[0.22964579466868312]","2","1","10","0","0","0","0","0","0","0","0","0","0","0"
"122","85","230","-1","0","""factory""","""""","9.9","{breed wcs}","false","1","1","""up""","0.5",,,,,,"0","[[1 3 4] [1] [1]]","3","0","0","0.05","0","0","0","0","0","0","0","0","0","0","0","0","0","0.05","0","85","10","1","2","0","0","[0]","[0.09190537243186232 0.07921295067056398 0.11646698907755582]","[0.1840379283797628]","[0.22953011656542577]","2","1","10","0","0","0","0","0","0","0","0","0","0","0"
"123","85","96","11","0","""factory""","""""","9.9","{breed wcs}","false","1","1","""up""","0.5",,,,,,"0","[[2] [1] [1]]","3","0","0","0.05","0","0","0","0","0","0","0","0","0","0","0","0","0","0.05","0","85","10","1","2","0","0","[0]","[0.3129735222958649]","[0.16714368566767518]","[0.19256653739288052]","2","1","10","0","0","0","0","0","0","0","0","0","0","0"
"124","85","52","2","0","""factory""","""""","9.9","{breed wcs}","false","1","1","""up""","0.5",,,,,,"0","[[2 3 4] [1] [1]]","3","0","0","0.05","0","0","0","0","0","0","0","0","0","0","0","0","0","0.05","0","85","10","1","2","0","0","[0]","[0.09273994140444393 0.08803764336937321 0.12103179558868452]","[0.2113525902072383]","[0.22600017558992203]","2","1","10","0","0","0","0","0","0","0","0","0","0","0"
"125","85","37","7","0","""factory""","""""","9.9","{breed wcs}","false","1","1","""up""","0.5",,,,,,"0","[[2 3] [1] [1]]","3","0","0","0.05","0","0","0","0","0","0","0","0","0","0","0","0","0","0.05","0","85","10","1","2","0","0","[0]","[0.1943091206299971 0.10581373904780812]","[0.2099987032635458]","[0.15706851956990805]","2","1","10","0","0","0","0","0","0","0","0","0","0","0"
"126","85","313","-11","0","""factory""","""""","9.9","{breed wcs}","false","1","1","""up""","0.5",,,,,,"0","[[1 4] [1] [1]]","3","0","0","0.05","0","0","0","0","0","0","0","0","0","0","0","0","0","0.05","0","85","10","1","2","0","0","[0]","[0.1043290933464984 0.14864407383644868]","[0.17394110471349558]","[0.24524737888341736]","2","1","10","0","0","0","0","0","0","0","0","0","0","0"
"127","85","172","-5","0","""factory""","""""","9.9","{breed wcs}","false","1","1","""up""","0.5",,,,,,"0","[[1 3] [1] [1]]","3","0","0","0.05","0","0","0","0","0","0","0","0","0","0","0","0","0","0.05","0","85","10","1","2","0","0","[0]","[0.10222715091267047 0.1821121895164202]","[0.16884684026691715]","[0.21857569063792287]","2","1","10","0","0","0","0","0","0","0","0","0","0","0"
"128","85","135","-11","0","""factory""","""""","9.9","{breed wcs}","false","1","1","""up""","0.5",,,,,,"0","[[1 2 3 4] [1] [1]]","3","0","0","0.05","0","0","0","0","0","0","0","0","0","0","0","0","0","0.05","0","85","10","1","2","0","0","[0]","[0.06651958714918794 0.09217470599830853 0.07142212368611077 0.09323430715742759]","[0.21570654279029294]","[0.20810356561190252]","2","1","10","0","0","0","0","0","0","0","0","0","0","0"
"129","85","225","13","0","""factory""","""""","9.9","{breed wcs}","false","1","1","""up""","0.5",,,,,,"0","[[4] [1] [1]]","3","0","0","0.05","0","0","0","0","0","0","0","0","0","0","0","0","0","0.05","0","85","10","1","2","0","0","[0]","[0.37909919062678715]","[0.18809572184361179]","[0.19716946757565815]","2","1","10","0","0","0","0","0","0","0","0","0","0","0"
"130","95","311","3","-2","""factory""","""""","9.9","{breed wcs}","false","1","1","""up""","0.5",,,,,,"0","[[1] [1] [1]]","4","0","0","0.05","0","0","0","0","0","0","0","0","0","0","0","0","0","0.05","0","95","10","1","2","0","0","[0]","[0.3973145573818565]","[0.24482991786049252]","[0.21450856328186702]","2","1","10","0","0","0","0","0","0","0","0","0","0","0"
"131","95","179","-10","-2","""factory""","""""","9.9","{breed wcs}","false","1","1","""up""","0.5",,,,,,"0","[[1] [1] [1]]","4","0","0","0.05","0","0","0","0","0","0","0","0","0","0","0","0","0","0.05","0","95","10","1","2","0","0","[0]","[0.26605372423208856]","[0.16006517540648962]","[0.21451294191455283]","2","1","10","0","0","0","0","0","0","0","0","0","0","0"
"132","95","37","-9","-2","""factory""","""""","9.9","{breed wcs}","false","1","1","""up""","0.5",,,,,,"0","[[1 2 3 4] [1] [1]]","4","0","0","0.05","0","0","0","0","0","0","0","0","0","0","0","0","0","0.05","0","95","10","1","2","0","0","[0]","[0.05372870371571462 0.06851528501793366 0.05617094334712889 0.08172593599123326]","[0.19139198402749266]","[0.249091563876344]","2","1","10","0","0","0","0","0","0","0","0","0","0","0"
"133","95","34","-7","-2","""factory""","""""","9.9","{breed wcs}","false","1","1","""up""","0.5",,,,,,"0","[[2] [1] [1]]","4","0","0","0.05","0","0","0","0","0","0","0","0","0","0","0","0","0","0.05","0","95","10","1","2","0","0","[0]","[0.39538323194638514]","[0.20235553008533874]","[0.24519351630548566]","2","1","10","0","0","0","0","0","0","0","0","0","0","0"
"134","95","163","-1","-2","""factory""","""""","9.9","{breed wcs}","false","1","1","""up""","0.5",,,,,,"0","[[3] [1] [1]]","4","0","0","0.05","0","0","0","0","0","0","0","0","0","0","0","0","0","0.05","0","95","10","1","2","0","0","[0]","[0.3075026046392981]","[0.16631765567557205]","[0.21380776026495518]","2","1","10","0","0","0","0","0","0","0","0","0","0","0"
"135","95","23","-6","-2","""factory""","""""","9.9","{breed wcs}","false","1","1","""up""","0.5",,,,,,"0","[[4] [1] [1]]","4","0","0","0.05","0","0","0","0","0","0","0","0","0","0","0","0","0","0.05","0","95","10","1","2","0","0","[0]","[0.38170170005820214]","[0.2089314990311678]","[0.19890478154898317]","2","1","10","0","0","0","0","0","0","0","0","0","0","0"
"136","95","105","-7","-2","""factory""","""""","9.9","{breed wcs}","false","1","1","""up""","0.5",,,,,,"0","[[1 3] [1] [1]]","4","0","0","0.05","0","0","0","0","0","0","0","0","0","0","0","0","0","0.05","0","95","10","1","2","0","0","[0]","[0.13869892326345937 0.14928808660299686]","[0.17544381023835137]","[0.23849665152209115]","2","1","10","0","0","0","0","0","0","0","0","0","0","0"
"137","95","156","8","-2","""factory""","""""","9.9","{breed wcs}","false","1","1","""up""","0.5",,,,,,"0","[[2 3 4] [1] [1]]","4","0","0","0.05","0","0","0","0","0","0","0","0","0","0","0","0","0","0.05","0","95","10","1","2","0","0","[0]","[0.11475355630668356 0.09602313888659827 0.07511571440846644]","[0.20898236478862292]","[0.1536068308865367]","2","1","10","0","0","0","0","0","0","0","0","0","0","0"
"138","95","109","7","-2","""factory""","""""","9.9","{breed wcs}","false","1","1","""up""","0.5",,,,,,"0","[[1 3 4] [1] [1]]","4","0","0","0.05","0","0","0","0","0","0","0","0","0","0","0","0","0","0.05","0","95","10","1","2","0","0","[0]","[0.07782945701144639 0.08420926823139195 0.07144068480345021]","[0.24786728078684217]","[0.17363841035593072]","2","1","10","0","0","0","0","0","0","0","0","0","0","0"
"139","95","186","2","-2","""factory""","""""","9.9","{breed wcs}","false","1","1","""up""","0.5",,,,,,"0","[[1 3] [1] [1]]","4","0","0","0.05","0","0","0","0","0","0","0","0","0","0","0","0","0","0.05","0","95","10","1","2","0","0","[0]","[0.11181926306680684 0.18369977872034374]","[0.2244135926506008]","[0.20905205494539714]","2","1","10","0","0","0","0","0","0","0","0","0","0","0"
"140","15","291","-14","-6","""factory""","""""","9.9","{breed wcs}","false","1","1","""up""","0.5",,,,,,"1","[[4] [1] [1]]","1","0","0","0.05","0","0","0","0","0","0","0","0","0","0","0","0","0","0.05","0","15","10","1","2","0","0","[0]","[0.3865996564052895]","[0.18091259092038275]","[0.2177620138061721]","2","1","10","0","0","0","0","0","0","0","0","0","0","0"
"141","15","165","-8","-6","""factory""","""""","9.9","{breed wcs}","false","1","1","""up""","0.5",,,,,,"1","[[1 2 3] [1] [1]]","1","0","0","0.05","0","0","0","0","0","0","0","0","0","0","0","0","0","0.05","0","15","10","1","2","0","0","[0]","[0.11945473641638535 0.11305094764954991 0.11852323143909285]","[0.19064828626070354]","[0.2147770638041871]","2","1","10","0","0","0","0","0","0","0","0","0","0","0"
"142","15","329","-3","-6","""factory""","""""","9.9","{breed wcs}","false","1","1","""up""","0.5",,,,,,"1","[[2 4] [1] [1]]","1","0","0","0.05","0","0","0","0","0","0","0","0","0","0","0","0","0","0.05","0","15","10","1","2","0","0","[0]","[0.1629882792963908 0.12675947756171468]","[0.15756229778545078]","[0.18140965022242558]","2","1","10","0","0","0","0","0","0","0","0","0","0","0"
"143","15","319","0","-6","""factory""","""""","9.9","{breed wcs}","false","1","1","""up""","0.5",,,,,,"1","[[1 2 3 4] [1] [1]]","1","0","0","0.05","0","0","0","0","0","0","0","0","0","0","0","0","0","0.05","0","15","10","1","2","0","0","[0]","[0.092488445660206 0.08335593948164524 0.06721695994932515 0.0575687781565923]","[0.21353709681057295]","[0.2347788036658724]","2","1","10","0","0","0","0","0","0","0","0","0","0","0"
"144","15","165","-1","-6","""factory""","""""","9.9","{breed wcs}","false","1","1","""up""","0.5",,,,,,"1","[[1 4] [1] [1]]","1","0","0","0.05","0","0","0","0","0","0","0","0","0","0","0","0","0","0.05","0","15","10","1","2","0","0","[0]","[0.18485473007995187 0.1525271772969102]","[0.15967740166234873]","[0.1646324783302709]","2","1","10","0","0","0","0","0","0","0","0","0","0","0"
"145","15","114","-1","-6","""factory""","""""","9.9","{breed wcs}","false","1","1","""up""","0.5",,,,,,"1","[[1] [1] [1]]","1","0","0","0.05","0","0","0","0","0","0","0","0","0","0","0","0","0","0.05","0","15","10","1","2","0","0","[0]","[0.2833447916285763]","[0.2438481886597761]","[0.18430281064148493]","2","1","10","0","0","0","0","0","0","0","0","0","0","0"
"146","15","29","-12","-6","""factory""","""""","9.9","{breed wcs}","false","1","1","""up""","0.5",,,,,,"1","[[1] [1] [1]]","1","0","0","0.05","0","0","0","0","0","0","0","0","0","0","0","0","0","0.05","0","15","10","1","2","0","0","[0]","[0.292315942335928]","[0.20609487509264926]","[0.22803635166579594]","2","1","10","0","0","0","0","0","0","0","0","0","0","0"
"147","15","330","-2","-6","""factory""","""""","9.9","{breed wcs}","false","1","1","""up""","0.5",,,,,,"1","[[2 4] [1] [1]]","1","0","0","0.05","0","0","0","0","0","0","0","0","0","0","0","0","0","0.05","0","15","10","1","2","0","0","[0]","[0.16741719000779517 0.1228417742930631]","[0.19361916618201025]","[0.20110457844068746]","2","1","10","0","0","0","0","0","0","0","0","0","0","0"
"148","15","280","-13","-6","""factory""","""""","9.9","{breed wcs}","false","1","1","""up""","0.5",,,,,,"1","[[1 2 3 4] [1] [1]]","1","0","0","0.05","0","0","0","0","0","0","0","0","0","0","0","0","0","0.05","0","15","10","1","2","0","0","[0]","[0.08437599240212901 0.07868229556158679 0.08121185655862985 0.06046920496046832]","[0.16563370490778484]","[0.15277214425546168]","2","1","10","0","0","0","0","0","0","0","0","0","0","0"
"149","15","214","3","-6","""factory""","""""","9.9","{breed wcs}","false","1","1","""up""","0.5",,,,,,"1","[[2 3 4] [1] [1]]","1","0","0","0.05","0","0","0","0","0","0","0","0","0","0","0","0","0","0.05","0","15","10","1","2","0","0","[0]","[0.12487817198906864 0.12358619504158155 0.11975438960698681]","[0.20047333374503398]","[0.2320746914680256]","2","1","10","0","0","0","0","0","0","0","0","0","0","0"
"150","25","214","4","-8","""factory""","""""","9.9","{breed wcs}","false","1","1","""up""","0.5",,,,,,"1","[[1 2 3 4] [1] [1]]","2","0","0","0.05","0","0","0","0","0","0","0","0","0","0","0","0","0","0.05","0","25","10","1","2","0","0","[0]","[0.09370629643041022 0.09755678081812845 0.09062536533901794 0.06419009155690705]","[0.20278467939351763]","[0.18394167206115514]","2","1","10","0","0","0","0","0","0","0","0","0","0","0"
"151","25","244","14","-8","""factory""","""""","9.9","{breed wcs}","false","1","1","""up""","0.5",,,,,,"1","[[1] [1] [1]]","2","0","0","0.05","0","0","0","0","0","0","0","0","0","0","0","0","0","0.05","0","25","10","1","2","0","0","[0]","[0.3030587306309921]","[0.1783743539434983]","[0.19184122047820312]","2","1","10","0","0","0","0","0","0","0","0","0","0","0"
"152","25","176","6","-8","""factory""","""""","9.9","{breed wcs}","false","1","1","""up""","0.5",,,,,,"1","[[2 3 4] [1] [1]]","2","0","0","0.05","0","0","0","0","0","0","0","0","0","0","0","0","0","0.05","0","25","10","1","2","0","0","[0]","[0.08604920593951006 0.13209268496429594 0.09487293140478205]","[0.22000607736988162]","[0.2367987745871949]","2","1","10","0","0","0","0","0","0","0","0","0","0","0"
"153","25","313","6","-8","""factory""","""""","9.9","{breed wcs}","false","1","1","""up""","0.5",,,,,,"1","[[3] [1] [1]]","2","0","0","0.05","0","0","0","0","0","0","0","0","0","0","0","0","0","0.05","0","25","10","1","2","0","0","[0]","[0.3898753771836424]","[0.18369726842211587]","[0.2008410210815898]","2","1","10","0","0","0","0","0","0","0","0","0","0","0"
"154","25","306","-3","-8","""factory""","""""","9.9","{breed wcs}","false","1","1","""up""","0.5",,,,,,"1","[[2] [1] [1]]","2","0","0","0.05","0","0","0","0","0","0","0","0","0","0","0","0","0","0.05","0","25","10","1","2","0","0","[0]","[0.3843736603178014]","[0.17789908863578965]","[0.21088311811665222]","2","1","10","0","0","0","0","0","0","0","0","0","0","0"
"155","25","212","11","-8","""factory""","""""","9.9","{breed wcs}","false","1","1","""up""","0.5",,,,,,"1","[[2 3 4] [1] [1]]","2","0","0","0.05","0","0","0","0","0","0","0","0","0","0","0","0","0","0.05","0","25","10","1","2","0","0","[0]","[0.09390171412089961 0.1287407042938616 0.12180558039826944]","[0.21597594422730515]","[0.17595569650070608]","2","1","10","0","0","0","0","0","0","0","0","0","0","0"
"156","25","81","-8","-8","""factory""","""""","9.9","{breed wcs}","false","1","1","""up""","0.5",,,,,,"1","[[4] [1] [1]]","2","0","0","0.05","0","0","0","0","0","0","0","0","0","0","0","0","0","0.05","0","25","10","1","2","0","0","[0]","[0.3825759637348066]","[0.1924982455864074]","[0.22621888055807876]","2","1","10","0","0","0","0","0","0","0","0","0","0","0"
"157","25","130","-6","-8","""factory""","""""","9.9","{breed wcs}","false","1","1","""up""","0.5",,,,,,"1","[[1 2 4] [1] [1]]","2","0","0","0.05","0","0","0","0","0","0","0","0","0","0","0","0","0","0.05","0","25","10","1","2","0","0","[0]","[0.13009762552647408 0.08750156603422357 0.11670160001956448]","[0.20183541610387726]","[0.1579229804923845]","2","1","10","0","0","0","0","0","0","0","0","0","0","0"
"158","25","324","4","-8","""factory""","""""","9.9","{breed wcs}","false","1","1","""up""","0.5",,,,,,"1","[[1 3 4] [1] [1]]","2","0","0","0.05","0","0","0","0","0","0","0","0","0","0","0","0","0","0.05","0","25","10","1","2","0","0","[0]","[0.13318678331202127 0.10331935389809678 0.1164921373827591]","[0.22360564540923583]","[0.17999058417851838]","2","1","10","0","0","0","0","0","0","0","0","0","0","0"
"159","25","145","-16","-8","""factory""","""""","9.9","{breed wcs}","false","1","1","""up""","0.5",,,,,,"1","[[2 3 4] [1] [1]]","2","0","0","0.05","0","0","0","0","0","0","0","0","0","0","0","0","0","0.05","0","25","10","1","2","0","0","[0]","[0.0763643738747294 0.10064088653373346 0.08646313865039688]","[0.23596509525342535]","[0.2171598386969183]","2","1","10","0","0","0","0","0","0","0","0","0","0","0"
"160","35","182","12","-10","""factory""","""""","9.9","{breed wcs}","false","1","1","""up""","0.5",,,,,,"1","[[2 3] [1] [1]]","3","0","0","0.05","0","0","0","0","0","0","0","0","0","0","0","0","0","0.05","0","35","10","1","2","0","0","[0]","[0.15150207588574804 0.10644064012416882]","[0.19565585086320214]","[0.17893863034490345]","2","1","10","0","0","0","0","0","0","0","0","0","0","0"
"161","35","102","3","-10","""factory""","""""","9.9","{breed wcs}","false","1","1","""up""","0.5",,,,,,"1","[[1] [1] [1]]","3","0","0","0.05","0","0","0","0","0","0","0","0","0","0","0","0","0","0.05","0","35","10","1","2","0","0","[0]","[0.25992544728994993]","[0.20373457252769397]","[0.18400030437927878]","2","1","10","0","0","0","0","0","0","0","0","0","0","0"
"162","35","165","12","-10","""factory""","""""","9.9","{breed wcs}","false","1","1","""up""","0.5",,,,,,"1","[[3] [1] [1]]","3","0","0","0.05","0","0","0","0","0","0","0","0","0","0","0","0","0","0.05","0","35","10","1","2","0","0","[0]","[0.37138592830599954]","[0.1920504187490569]","[0.16780646711075098]","2","1","10","0","0","0","0","0","0","0","0","0","0","0"
"163","35","118","-9","-10","""factory""","""""","9.9","{breed wcs}","false","1","1","""up""","0.5",,,,,,"1","[[2 3 4] [1] [1]]","3","0","0","0.05","0","0","0","0","0","0","0","0","0","0","0","0","0","0.05","0","35","10","1","2","0","0","[0]","[0.10181783046107643 0.10832141986647972 0.12366944768473567]","[0.17821394464980606]","[0.23837555112762107]","2","1","10","0","0","0","0","0","0","0","0","0","0","0"
"164","35","171","5","-10","""factory""","""""","9.9","{breed wcs}","false","1","1","""up""","0.5",,,,,,"1","[[1 2 3] [1] [1]]","3","0","0","0.05","0","0","0","0","0","0","0","0","0","0","0","0","0","0.05","0","35","10","1","2","0","0","[0]","[0.09004376636432805 0.08194700182409988 0.09559222556362917]","[0.1882467450929279]","[0.1969789037103835]","2","1","10","0","0","0","0","0","0","0","0","0","0","0"
"165","35","136","0","-10","""factory""","""""","9.9","{breed wcs}","false","1","1","""up""","0.5",,,,,,"1","[[3] [1] [1]]","3","0","0","0.05","0","0","0","0","0","0","0","0","0","0","0","0","0","0.05","0","35","10","1","2","0","0","[0]","[0.31240998530191655]","[0.1500589092118417]","[0.20651250890151385]","2","1","10","0","0","0","0","0","0","0","0","0","0","0"
"166","35","308","-15","-10","""factory""","""""","9.9","{breed wcs}","false","1","1","""up""","0.5",,,,,,"1","[[3 4] [1] [1]]","3","0","0","0.05","0","0","0","0","0","0","0","0","0","0","0","0","0","0.05","0","35","10","1","2","0","0","[0]","[0.16784824500004336 0.16873031430881508]","[0.20614912517057662]","[0.18580799177475515]","2","1","10","0","0","0","0","0","0","0","0","0","0","0"
"167","35","303","12","-10","""factory""","""""","9.9","{breed wcs}","false","1","1","""up""","0.5",,,,,,"1","[[2 3 4] [1] [1]]","3","0","0","0.05","0","0","0","0","0","0","0","0","0","0","0","0","0","0.05","0","35","10","1","2","0","0","[0]","[0.07156444334186816 0.06764958611796097 0.131454671641083]","[0.15947669180699456]","[0.23417368290513108]","2","1","10","0","0","0","0","0","0","0","0","0","0","0"
"168","35","242","-5","-10","""factory""","""""","9.9","{breed wcs}","false","1","1","""up""","0.5",,,,,,"1","[[1 2 4] [1] [1]]","3","0","0","0.05","0","0","0","0","0","0","0","0","0","0","0","0","0","0.05","0","35","10","1","2","0","0","[0]","[0.1100600397579568 0.07090239708619304 0.08700174565227929]","[0.19917177197241864]","[0.19115470785603553]","2","1","10","0","0","0","0","0","0","0","0","0","0","0"
"169","35","195","8","-10","""factory""","""""","9.9","{breed wcs}","false","1","1","""up""","0.5",,,,,,"1","[[4] [1] [1]]","3","0","0","0.05","0","0","0","0","0","0","0","0","0","0","0","0","0","0.05","0","35","10","1","2","0","0","[0]","[0.2257800482262385]","[0.18087927412995844]","[0.19708024335160299]","2","1","10","0","0","0","0","0","0","0","0","0","0","0"
"170","45","255","-10","-12","""factory""","""""","9.9","{breed wcs}","false","1","1","""up""","0.5",,,,,,"1","[[2 3] [1] [1]]","4","0","0","0.05","0","0","0","0","0","0","0","0","0","0","0","0","0","0.05","0","45","10","1","2","0","0","[0]","[0.1948836884241591 0.17518857137487662]","[0.16014065239380362]","[0.20849377520083273]","2","1","10","0","0","0","0","0","0","0","0","0","0","0"
"171","45","86","-1","-12","""factory""","""""","9.9","{breed wcs}","false","1","1","""up""","0.5",,,,,,"1","[[1 2 3 4] [1] [1]]","4","0","0","0.05","0","0","0","0","0","0","0","0","0","0","0","0","0","0.05","0","45","10","1","2","0","0","[0]","[0.053545920241273574 0.05763019951027273 0.05082879390013027 0.05568981797773324]","[0.2151789274228204]","[0.19026568511508335]","2","1","10","0","0","0","0","0","0","0","0","0","0","0"
"172","45","285","7","-12","""factory""","""""","9.9","{breed wcs}","false","1","1","""up""","0.5",,,,,,"1","[[1 2 4] [1] [1]]","4","0","0","0.05","0","0","0","0","0","0","0","0","0","0","0","0","0","0.05","0","45","10","1","2","0","0","[0]","[0.09563250474955251 0.09560935489098861 0.07861390768326057]","[0.2150435818064068]","[0.24132880211572658]","2","1","10","0","0","0","0","0","0","0","0","0","0","0"
"173","45","353","15","-12","""factory""","""""","9.9","{breed wcs}","false","1","1","""up""","0.5",,,,,,"1","[[3 4] [1] [1]]","4","0","0","0.05","0","0","0","0","0","0","0","0","0","0","0","0","0","0.05","0","45","10","1","2","0","0","[0]","[0.11507843936586766 0.13693999311178784]","[0.1642221249055005]","[0.22268937538757866]","2","1","10","0","0","0","0","0","0","0","0","0","0","0"
"174","45","327","0","-12","""factory""","""""","9.9","{breed wcs}","false","1","1","""up""","0.5",,,,,,"1","[[1 2 3 4] [1] [1]]","4","0","0","0.05","0","0","0","0","0","0","0","0","0","0","0","0","0","0.05","0","45","10","1","2","0","0","[0]","[0.07634259371067582 0.07085512124121826 0.09003298298669107 0.09666011675872212]","[0.16778647506434125]","[0.23600667702451694]","2","1","10","0","0","0","0","0","0","0","0","0","0","0"
"175","45","277","-14","-12","""factory""","""""","9.9","{breed wcs}","false","1","1","""up""","0.5",,,,,,"1","[[1 4] [1] [1]]","4","0","0","0.05","0","0","0","0","0","0","0","0","0","0","0","0","0","0.05","0","45","10","1","2","0","0","[0]","[0.13402265651568473 0.16085946294202133]","[0.21897953155147376]","[0.18880974262752992]","2","1","10","0","0","0","0","0","0","0","0","0","0","0"
"176","45","13","9","-12","""factory""","""""","9.9","{breed wcs}","false","1","1","""up""","0.5",,,,,,"1","[[1 4] [1] [1]]","4","0","0","0.05","0","0","0","0","0","0","0","0","0","0","0","0","0","0.05","0","45","10","1","2","0","0","[0]","[0.1446635039085621 0.18770343826075528]","[0.17535817513305754]","[0.17738097071119174]","2","1","10","0","0","0","0","0","0","0","0","0","0","0"
"177","45","236","10","-12","""factory""","""""","9.9","{breed wcs}","false","1","1","""up""","0.5",,,,,,"1","[[2] [1] [1]]","4","0","0","0.05","0","0","0","0","0","0","0","0","0","0","0","0","0","0.05","0","45","10","1","2","0","0","[0]","[0.3296625499893206]","[0.1669940718366767]","[0.16494467975265825]","2","1","10","0","0","0","0","0","0","0","0","0","0","0"
"178","45","345","-6","-12","""factory""","""""","9.9","{breed wcs}","false","1","1","""up""","0.5",,,,,,"1","[[1 2 3 4] [1] [1]]","4","0","0","0.05","0","0","0","0","0","0","0","0","0","0","0","0","0","0.05","0","45","10","1","2","0","0","[0]","[0.0767416112944311 0.08839814417902991 0.05265462959949751 0.07745267211213137]","[0.23009945514742225]","[0.21495830531878587]","2","1","10","0","0","0","0","0","0","0","0","0","0","0"
"179","45","107","-6","-12","""factory""","""""","9.9","{breed wcs}","false","1","1","""up""","0.5",,,,,,"1","[[1 2 3] [1] [1]]","4","0","0","0.05","0","0","0","0","0","0","0","0","0","0","0","0","0","0.05","0","45","10","1","2","0","0","[0]","[0.0970428945954598 0.1070141928789416 0.13269374623267782]","[0.22739162554061015]","[0.18342764020305757]","2","1","10","0","0","0","0","0","0","0","0","0","0","0"
